{"scoring":null,"notes":"","legend":"Итак, сегодня твой выпускной экзамен, палиндромный курсант. Пора приложить руку к чему-нибудь по-настоящему стоящему. Например, выведи палиндромную длину каждого префикса данной строки.","authorLogin":"kb..","language":"russian","timeLimit":15000,"output":"Выведите $n$ чисел, разделённых пробелом,~--- палиндромную длину для префикса $s$ длины $1, 2, \\ldots, n$ соответственно.","inputFile":"stdin","outputFile":"stdout","input":"Дана строка $s$ ($1 \\le |s| \\le 10^6$), состоящая из строчных латинских букв.","authorName":"Kirill Borozdin","sampleTests":[],"name":"Палиндромы!","interaction":null,"memoryLimit":1073741824,"tutorial":""}